date,open,high,low,close,diff,volume
2017-11-15,12160.0,12160.0,12000.0,12065.0,115.0,66013.0
2017-11-16,12015.0,12015.0,11915.0,11940.0,125.0,3803.0
2017-11-17,11985.0,12000.0,11930.0,11980.0,40.0,3218.0
2017-11-20,12000.0,12015.0,11945.0,11990.0,10.0,163535.0
2017-11-21,12025.0,12620.0,11910.0,11945.0,45.0,9873.0
2017-11-22,11965.0,12005.0,11940.0,11965.0,20.0,5673.0
2017-11-23,11965.0,12000.0,11965.0,11975.0,10.0,2118.0
2017-11-24,11985.0,11990.0,11915.0,11980.0,5.0,2154.0
2017-11-27,12000.0,12025.0,11940.0,12025.0,45.0,5075.0
2017-11-28,12010.0,12015.0,11910.0,11950.0,75.0,7086.0
2017-11-29,11960.0,12025.0,11960.0,11980.0,30.0,471414.0
2017-11-30,11985.0,12100.0,11960.0,12100.0,120.0,10897.0
2017-12-01,12100.0,12155.0,12085.0,12130.0,30.0,3813.0
2017-12-04,12070.0,12115.0,12010.0,12110.0,20.0,4209.0
2017-12-05,12095.0,12095.0,12020.0,12055.0,55.0,3920.0
2017-12-06,12055.0,12120.0,12015.0,12120.0,65.0,39086.0
2017-12-07,12110.0,12130.0,12040.0,12095.0,25.0,4041.0
2017-12-08,12155.0,12165.0,12100.0,12145.0,50.0,3133.0
2017-12-11,12205.0,12215.0,12150.0,12210.0,65.0,27902.0
2017-12-12,12225.0,12230.0,12135.0,12225.0,15.0,4879.0
2017-12-13,12225.0,12270.0,12200.0,12220.0,5.0,75967.0
2017-12-14,12220.0,12230.0,12155.0,12215.0,5.0,9069.0
2017-12-15,12195.0,12210.0,12140.0,12185.0,30.0,5175.0
2017-12-18,12225.0,12255.0,12185.0,12240.0,55.0,15673.0
2017-12-19,12300.0,12325.0,12260.0,12300.0,60.0,11881.0
2017-12-20,12245.0,12270.0,12205.0,12210.0,90.0,5810.0
2017-12-21,12215.0,12230.0,12110.0,12145.0,65.0,12449.0
2017-12-22,12255.0,12255.0,12165.0,12225.0,80.0,7775.0
2017-12-26,12235.0,12235.0,12160.0,12195.0,30.0,15215.0
2017-12-27,12200.0,12200.0,12135.0,12175.0,20.0,3421.0
2017-12-28,12175.0,12195.0,12105.0,12145.0,30.0,7919.0
2018-01-02,12135.0,12135.0,12045.0,12065.0,80.0,11715.0
2018-01-03,12085.0,12190.0,12080.0,12155.0,90.0,2782.0
2018-01-04,12155.0,12265.0,12155.0,12220.0,65.0,4502.0
2018-01-05,12240.0,12335.0,12240.0,12335.0,115.0,16042.0
2018-01-08,12345.0,12425.0,12335.0,12405.0,70.0,5314.0
2018-01-09,12400.0,12430.0,12375.0,12395.0,10.0,82312.0
2018-01-10,12475.0,12505.0,12430.0,12505.0,110.0,3836.0
2018-01-11,12505.0,12505.0,12425.0,12455.0,50.0,3455.0
2018-01-12,12510.0,12510.0,12385.0,12445.0,10.0,7015.0
2018-01-15,12475.0,12565.0,12460.0,12560.0,115.0,6281.0
2018-01-16,12560.0,12635.0,12560.0,12620.0,60.0,8669.0
2018-01-17,12560.0,12615.0,12560.0,12615.0,5.0,7718.0
2018-01-18,12680.0,12680.0,12625.0,12670.0,55.0,3834.0
2018-01-19,12645.0,12645.0,12575.0,12615.0,55.0,141053.0
2018-01-22,12655.0,12750.0,12655.0,12750.0,135.0,6393.0
2018-01-23,12755.0,12845.0,12750.0,12845.0,95.0,10175.0
2018-01-24,12890.0,12890.0,12840.0,12875.0,30.0,9456.0
2018-01-25,12865.0,12865.0,12750.0,12780.0,95.0,23179.0
2018-01-26,12780.0,12805.0,12750.0,12805.0,25.0,5239.0
2018-01-29,12855.0,12900.0,12850.0,12895.0,90.0,8908.0
2018-01-30,12880.0,12910.0,12845.0,12905.0,10.0,14874.0
2018-01-31,12795.0,12795.0,12715.0,12725.0,180.0,14882.0
2018-02-01,12725.0,12805.0,12725.0,12795.0,70.0,7711.0
2018-02-02,12795.0,12865.0,12720.0,12865.0,70.0,10852.0
2018-02-05,12690.0,12740.0,12660.0,12720.0,145.0,6489.0
2018-02-06,12280.0,12400.0,12250.0,12270.0,450.0,33037.0
2018-02-07,12215.0,12255.0,12150.0,12245.0,25.0,23404.0
2018-02-08,12350.0,12395.0,12320.0,12350.0,105.0,3912.0
2018-02-09,12085.0,12105.0,11955.0,12030.0,320.0,21175.0
2018-02-12,12040.0,12040.0,11930.0,11990.0,40.0,13522.0
2018-02-13,12160.0,12170.0,12095.0,12170.0,180.0,7459.0
2018-02-14,12170.0,12175.0,12095.0,12095.0,75.0,7805.0
2018-02-19,12305.0,12345.0,12270.0,12330.0,235.0,92588.0
2018-02-20,12370.0,12370.0,12255.0,12330.0,0.0,42853.0
2018-02-21,12330.0,12330.0,12245.0,12330.0,0.0,30350.0
2018-02-22,12315.0,12375.0,12250.0,12350.0,20.0,23383.0
2018-02-23,12280.0,12330.0,12235.0,12235.0,115.0,8943.0
2018-02-26,12395.0,12450.0,12355.0,12450.0,215.0,11291.0
2018-02-27,12545.0,12565.0,12450.0,12555.0,105.0,2850.0
2018-02-28,12400.0,12535.0,12395.0,12530.0,25.0,4056.0
2018-03-02,12235.0,12235.0,12150.0,12190.0,340.0,8725.0
2018-03-05,12200.0,12210.0,12145.0,12145.0,45.0,3731.0
2018-03-06,12205.0,12220.0,12165.0,12190.0,45.0,12551.0
2018-03-07,12190.0,12215.0,12180.0,12210.0,20.0,4891.0
2018-03-08,12220.0,12235.0,12125.0,12230.0,20.0,6486.0
2018-03-09,12305.0,12320.0,12230.0,12280.0,50.0,1876.0
2018-03-12,12400.0,12400.0,12325.0,12390.0,110.0,7330.0
2018-03-13,12395.0,12435.0,12395.0,12430.0,40.0,3080.0
2018-03-14,12390.0,12390.0,12310.0,12330.0,100.0,4389.0
2018-03-15,12305.0,12305.0,12190.0,12285.0,45.0,3036.0
2018-03-16,12340.0,12350.0,12230.0,12260.0,25.0,37550.0
2018-03-19,12265.0,12340.0,12250.0,12325.0,65.0,5733.0
2018-03-20,12235.0,12235.0,12130.0,12175.0,150.0,9136.0
2018-03-21,12230.0,12235.0,12175.0,12235.0,60.0,1530.0
2018-03-22,12235.0,12275.0,12180.0,12265.0,30.0,6369.0
2018-03-23,12170.0,12170.0,12110.0,12145.0,120.0,4581.0
2018-03-26,11920.0,11920.0,11840.0,11880.0,265.0,9429.0
2018-03-27,12040.0,12065.0,11990.0,12020.0,140.0,1991.0
2018-03-28,11975.0,11975.0,11870.0,11915.0,105.0,3057.0
2018-03-29,11875.0,11875.0,11700.0,11795.0,120.0,18676.0
2018-03-30,11890.0,11920.0,11815.0,11840.0,45.0,17775.0
2018-04-02,11925.0,11925.0,11770.0,11860.0,20.0,5412.0
2018-04-03,11720.0,11720.0,11570.0,11575.0,285.0,149063.0
2018-04-04,11695.0,11775.0,11645.0,11765.0,190.0,11975.0
2018-04-05,11845.0,11865.0,11740.0,11845.0,80.0,12001.0
2018-04-06,11875.0,12010.0,11875.0,12000.0,155.0,146477.0
2018-04-09,11910.0,11910.0,11835.0,11870.0,130.0,2697.0
2018-04-10,11875.0,11960.0,11865.0,11925.0,55.0,10172.0
2018-04-11,12105.0,12105.0,11965.0,12080.0,155.0,5648.0
2018-04-12,12055.0,12065.0,11970.0,12050.0,30.0,2296.0
2018-04-13,12010.0,12095.0,12010.0,12095.0,45.0,2874.0
2018-04-16,12095.0,12170.0,12095.0,12170.0,75.0,4630.0
2018-04-17,12170.0,12170.0,12045.0,12065.0,105.0,4155.0
2018-04-18,12155.0,12230.0,12125.0,12230.0,165.0,1479.0
2018-04-19,12300.0,12300.0,12135.0,12135.0,95.0,2374.0
2018-04-20,12135.0,12175.0,12110.0,12170.0,35.0,24810.0
2018-04-23,12170.0,12170.0,12060.0,12150.0,20.0,3147.0
2018-04-24,12150.0,12240.0,12135.0,12195.0,45.0,204894.0
2018-04-25,12170.0,12205.0,12055.0,12205.0,10.0,2614.0
2018-04-26,12100.0,12160.0,12100.0,12160.0,45.0,1233.0
2018-04-27,12210.0,12225.0,12150.0,12220.0,60.0,1097.0
2018-04-30,12195.0,12195.0,12050.0,12155.0,65.0,202888.0
2018-05-02,12120.0,12175.0,12090.0,12165.0,10.0,1768.0
2018-05-03,12155.0,12155.0,12020.0,12030.0,135.0,12060.0
2018-05-04,12030.0,12085.0,11990.0,12005.0,25.0,13268.0
2018-05-08,12165.0,12250.0,12165.0,12245.0,240.0,4050.0
2018-05-09,12190.0,12260.0,12190.0,12260.0,15.0,688.0
2018-05-10,12280.0,12330.0,12260.0,12265.0,5.0,3399.0
2018-05-11,12295.0,12355.0,12205.0,12335.0,70.0,2815.0
2018-05-14,12350.0,12350.0,12255.0,12330.0,5.0,2320.0
2018-05-15,12335.0,12420.0,12315.0,12420.0,90.0,2701.0
2018-05-16,12355.0,12400.0,12305.0,12335.0,85.0,1315.0
2018-05-17,12395.0,12415.0,12340.0,12360.0,25.0,5003.0
2018-05-18,12390.0,12415.0,12350.0,12405.0,45.0,1683.0
2018-05-21,12410.0,12505.0,12345.0,12505.0,100.0,8084.0
2018-05-23,12505.0,12505.0,12355.0,12460.0,45.0,2305.0
2018-05-24,12455.0,12455.0,12315.0,12435.0,25.0,15332.0
2018-05-25,12435.0,12435.0,12340.0,12385.0,50.0,2846.0
2018-05-28,12375.0,12375.0,12210.0,12310.0,75.0,4129.0
2018-05-29,12325.0,12335.0,12275.0,12330.0,20.0,823.0
2018-05-30,12240.0,12240.0,12115.0,12195.0,135.0,2900.0
2018-05-31,12200.0,12240.0,12195.0,12235.0,40.0,201799.0
2018-06-01,12275.0,12285.0,12210.0,12250.0,15.0,71572.0
2018-06-04,12220.0,12305.0,12180.0,12295.0,45.0,4731.0
2018-06-05,12305.0,12370.0,12290.0,12340.0,45.0,2647.0
2018-06-07,12380.0,12400.0,12300.0,12400.0,60.0,1183.0
2018-06-08,12445.0,12460.0,12360.0,12395.0,5.0,21815.0
2018-06-11,12395.0,12455.0,12360.0,12435.0,40.0,531843.0
2018-06-12,12435.0,12490.0,12405.0,12470.0,35.0,1021467.0
2018-06-14,12470.0,12555.0,12470.0,12535.0,65.0,1636.0
2018-06-15,12535.0,12625.0,12520.0,12625.0,90.0,1007947.0
2018-06-18,12625.0,12685.0,12625.0,12680.0,55.0,1016875.0
2018-06-19,12680.0,12680.0,12610.0,12660.0,20.0,1014422.0
2018-06-20,12655.0,12655.0,12565.0,12655.0,5.0,6282.0
2018-06-21,12655.0,12770.0,12645.0,12750.0,95.0,1031372.0
2018-06-22,12660.0,12660.0,12535.0,12620.0,130.0,1026233.0
2018-06-25,12745.0,12770.0,12685.0,12770.0,150.0,906760.0
2018-06-26,12660.0,12660.0,12505.0,12615.0,155.0,3741.0
2018-06-27,12615.0,12685.0,12580.0,12620.0,5.0,6396.0
2018-06-28,12630.0,12645.0,12545.0,12640.0,20.0,3636.0
2018-06-29,12635.0,12635.0,12510.0,12565.0,75.0,83989.0
2018-07-02,12660.0,12660.0,12545.0,12650.0,85.0,47198.0
2018-07-03,12645.0,12665.0,12520.0,12615.0,35.0,9650.0
2018-07-04,12615.0,12640.0,12565.0,12610.0,5.0,5077.0
2018-07-05,12615.0,12660.0,12560.0,12640.0,30.0,4026.0
2018-07-06,12660.0,12765.0,12655.0,12710.0,70.0,2351.0
2018-07-09,12710.0,12795.0,12705.0,12790.0,80.0,5528.0
2018-07-10,12815.0,12875.0,12790.0,12840.0,50.0,11219.0
2018-07-11,12800.0,12840.0,12800.0,12840.0,0.0,2236.0
2018-07-12,12780.0,12930.0,12780.0,12930.0,90.0,4836.0
2018-07-13,12940.0,12965.0,12870.0,12885.0,45.0,9081.0
2018-07-16,12990.0,13030.0,12900.0,12985.0,100.0,17461.0
2018-07-17,12970.0,13040.0,12950.0,13030.0,45.0,15284.0
2018-07-18,13030.0,13130.0,13010.0,13130.0,100.0,9901.0
2018-07-19,13150.0,13150.0,13020.0,13075.0,55.0,9045.0
2018-07-20,13075.0,13120.0,13025.0,13025.0,50.0,14838.0
2018-07-23,13025.0,13145.0,13000.0,13115.0,90.0,3578.0
2018-07-24,13015.0,13140.0,13015.0,13125.0,10.0,1129.0
2018-07-25,13125.0,13145.0,13055.0,13145.0,20.0,7188.0
2018-07-26,13145.0,13145.0,13015.0,13135.0,10.0,5392.0
2018-07-27,13135.0,13185.0,13000.0,13000.0,135.0,3655.0
2018-07-30,13000.0,13095.0,12945.0,13095.0,95.0,92015.0
2018-07-31,13050.0,13050.0,12910.0,13025.0,70.0,17842.0
2018-08-01,13070.0,13080.0,12935.0,13050.0,25.0,270084.0
2018-08-02,13050.0,13135.0,13000.0,13135.0,85.0,8496.0
2018-08-03,13125.0,13140.0,13015.0,13115.0,20.0,8287.0
2018-08-06,13185.0,13185.0,13050.0,13135.0,20.0,2961.0
2018-08-07,13135.0,13205.0,13065.0,13190.0,55.0,47382.0
2018-08-08,13190.0,13190.0,13050.0,13145.0,45.0,59413.0
2018-08-09,13145.0,13165.0,13050.0,13145.0,0.0,3285.0
2018-08-10,13180.0,13230.0,13075.0,13220.0,75.0,5265.0
2018-08-13,13135.0,13135.0,12985.0,13115.0,105.0,8436.0
2018-08-14,13095.0,13095.0,12975.0,13040.0,75.0,9506.0
2018-08-16,13025.0,13075.0,12935.0,13015.0,25.0,10215.0
2018-08-17,13070.0,13075.0,13015.0,13040.0,25.0,2963.0
2018-08-20,12980.0,13055.0,12940.0,13055.0,15.0,5303.0
2018-08-21,13000.0,13080.0,12950.0,13080.0,25.0,7051.0
2018-08-22,13080.0,13140.0,13035.0,13135.0,55.0,8039.0
2018-08-23,13050.0,13160.0,13035.0,13140.0,5.0,2604.0
2018-08-24,13115.0,13130.0,12960.0,13070.0,70.0,8167.0
2018-08-27,13105.0,13120.0,13005.0,13110.0,40.0,9189.0
2018-08-28,13205.0,13205.0,13050.0,13135.0,25.0,78866.0
2018-08-29,13040.0,13150.0,13040.0,13080.0,55.0,2323.0
2018-08-30,13110.0,13245.0,13105.0,13205.0,125.0,85686.0
2018-08-31,13200.0,13220.0,13135.0,13215.0,10.0,24249.0
2018-09-03,13175.0,13180.0,13080.0,13105.0,110.0,87261.0
2018-09-04,13020.0,13135.0,13020.0,13130.0,25.0,4399.0
2018-09-05,13130.0,13145.0,13035.0,13145.0,15.0,3507.0
2018-09-06,13020.0,13125.0,12975.0,13120.0,25.0,4771.0
2018-09-07,12970.0,13085.0,12970.0,13065.0,55.0,10341.0
2018-09-10,13000.0,13120.0,12995.0,13050.0,15.0,62568.0
2018-09-11,12980.0,13120.0,12980.0,13115.0,65.0,3169.0
2018-09-12,13100.0,13170.0,13090.0,13115.0,0.0,4103.0
2018-09-13,13115.0,13160.0,13100.0,13160.0,45.0,2109.0
2018-09-14,13120.0,13210.0,13065.0,13070.0,90.0,10563.0
2018-09-17,13125.0,13255.0,13125.0,13255.0,185.0,10739.0
2018-09-18,13250.0,13250.0,13105.0,13110.0,145.0,10070.0
2018-09-19,13220.0,13320.0,13200.0,13290.0,180.0,17401.0
2018-09-20,13295.0,13325.0,13170.0,13320.0,30.0,6514.0
2018-09-21,13320.0,13385.0,13280.0,13365.0,45.0,11378.0
2018-09-27,13315.0,13315.0,13200.0,13250.0,115.0,10576.0
2018-09-28,13240.0,13245.0,13155.0,13160.0,90.0,9012.0
2018-10-01,13165.0,13205.0,13090.0,13200.0,40.0,102711.0
2018-10-02,13245.0,13300.0,13140.0,13290.0,90.0,6523.0
2018-10-04,13310.0,13385.0,13260.0,13370.0,80.0,4889.0
2018-10-05,13190.0,13300.0,13190.0,13285.0,85.0,4361.0
2018-10-08,13300.0,13300.0,13115.0,13240.0,45.0,4585.0
2018-10-10,13175.0,13195.0,13065.0,13195.0,45.0,19704.0
2018-10-11,13020.0,13020.0,12860.0,12870.0,325.0,3048.0
2018-10-12,12655.0,12655.0,12480.0,12545.0,325.0,13794.0
2018-10-15,12765.0,12765.0,12600.0,12725.0,180.0,3155.0
2018-10-16,12680.0,12680.0,12560.0,12600.0,125.0,11630.0
2018-10-17,12830.0,12845.0,12700.0,12845.0,245.0,1214.0
2018-10-18,12885.0,12900.0,12785.0,12890.0,45.0,2810.0
2018-10-19,12600.0,12745.0,12600.0,12670.0,220.0,1785.0
2018-10-22,12695.0,12695.0,12610.0,12640.0,30.0,2801.0
2018-10-23,12680.0,12680.0,12555.0,12570.0,70.0,2867.0
2018-10-24,12550.0,12550.0,12410.0,12460.0,110.0,171263.0
2018-10-25,12335.0,12335.0,12175.0,12260.0,200.0,5553.0
2018-10-26,12410.0,12410.0,12250.0,12300.0,40.0,133131.0
2018-10-29,12315.0,12315.0,12130.0,12160.0,140.0,1007685.0
2018-10-30,12245.0,12245.0,12160.0,12205.0,45.0,1503533.0
2018-10-31,12360.0,12360.0,12250.0,12320.0,115.0,1666102.0
2018-11-01,12560.0,12560.0,12385.0,12400.0,80.0,70657.0
2018-11-02,12555.0,12555.0,12385.0,12470.0,70.0,4164.0
2018-11-05,12470.0,12470.0,12330.0,12435.0,35.0,22428.0
2018-11-06,12445.0,12455.0,12350.0,12455.0,20.0,1851.0
2018-11-07,12470.0,12540.0,12420.0,12535.0,80.0,1498.0
2018-11-08,12680.0,12695.0,12630.0,12680.0,145.0,5876.0
2018-11-09,12740.0,12740.0,12630.0,12725.0,45.0,30594.0
2018-11-12,12695.0,12695.0,12555.0,12655.0,70.0,11558.0
2018-11-13,12550.0,12550.0,12320.0,12420.0,235.0,9376.0
2018-11-14,12455.0,12455.0,12330.0,12420.0,0.0,794.0
2018-11-15,12420.0,12420.0,12340.0,12370.0,50.0,5300.0
2018-11-16,12450.0,12450.0,12380.0,12430.0,60.0,1033.0
2018-11-19,12485.0,12485.0,12395.0,12450.0,20.0,1571.0
2018-11-20,12395.0,12395.0,12200.0,12280.0,170.0,4303.0
2018-11-21,12160.0,12160.0,12010.0,12105.0,175.0,1750.0
2018-11-22,12175.0,12175.0,12070.0,12160.0,55.0,7074.0
2018-11-23,12160.0,12210.0,12090.0,12190.0,30.0,1621.0
2018-11-26,12165.0,12165.0,12050.0,12110.0,80.0,3725.0
2018-11-27,12295.0,12295.0,12120.0,12280.0,170.0,9868.0
2018-11-28,12315.0,12315.0,12195.0,12255.0,25.0,1080.0
2018-11-29,12415.0,12420.0,12345.0,12385.0,130.0,4147.0
2018-11-30,12440.0,12440.0,12350.0,12420.0,35.0,7482.0
2018-12-03,12565.0,12665.0,12400.0,12420.0,0.0,1042299.0
2018-12-04,12325.0,12515.0,12320.0,12385.0,35.0,250803.0
2018-12-05,12180.0,12180.0,12020.0,12170.0,215.0,267501.0
2018-12-06,12135.0,12155.0,12000.0,12155.0,15.0,2853500.0
2018-12-07,12005.0,12060.0,11920.0,12055.0,100.0,450190.0
2018-12-10,11850.0,11995.0,11850.0,11995.0,60.0,200062.0
2018-12-11,11960.0,11970.0,11845.0,11920.0,75.0,191865.0
2018-12-12,11980.0,11980.0,11930.0,11970.0,50.0,225179.0
2018-12-13,11930.0,12075.0,11915.0,12045.0,75.0,921784.0
2018-12-14,11890.0,12075.0,11890.0,12060.0,15.0,2188027.0
2018-12-17,11900.0,11900.0,11765.0,11775.0,285.0,1673063.0
2018-12-18,11580.0,11725.0,11580.0,11665.0,110.0,2038650.0
2018-12-19,11535.0,11630.0,11485.0,11520.0,145.0,2429407.0
2018-12-20,11515.0,11520.0,11420.0,11480.0,40.0,687232.0
2018-12-21,11220.0,11350.0,11210.0,11280.0,200.0,584351.0
2018-12-24,11200.0,11200.0,11075.0,11160.0,120.0,368729.0
2018-12-26,10840.0,10950.0,10835.0,10945.0,215.0,304302.0
2018-12-27,11250.0,11295.0,11200.0,11275.0,330.0,251053.0
2018-12-28,11360.0,11360.0,11275.0,11300.0,25.0,839348.0
2019-01-02,11380.0,11455.0,11310.0,11455.0,155.0,383548.0
2019-01-03,11455.0,11540.0,11390.0,11530.0,75.0,202612.0
2019-01-04,11350.0,11350.0,11250.0,11315.0,215.0,377276.0
2019-01-07,11540.0,11590.0,11485.0,11585.0,270.0,229354.0
2019-01-08,11585.0,11755.0,11585.0,11740.0,155.0,235494.0
2019-01-09,11830.0,11830.0,11770.0,11815.0,75.0,200391.0
2019-01-10,11840.0,11890.0,11805.0,11810.0,5.0,231265.0
2019-01-11,11925.0,11925.0,11825.0,11850.0,40.0,513476.0
2019-01-14,11900.0,11935.0,11840.0,11925.0,75.0,283051.0
2019-01-15,11905.0,11905.0,11780.0,11850.0,75.0,357226.0
2019-01-16,11835.0,11970.0,11835.0,11925.0,75.0,217303.0
2019-01-17,11845.0,11945.0,11845.0,11930.0,5.0,238778.0
2019-01-18,12025.0,12045.0,11930.0,12045.0,115.0,368223.0
2019-01-21,12185.0,12275.0,12095.0,12270.0,225.0,103912.0
2019-01-22,12310.0,12310.0,12210.0,12225.0,45.0,3784.0
2019-01-23,12175.0,12175.0,12040.0,12085.0,140.0,13279.0
2019-01-24,12130.0,12135.0,12040.0,12130.0,45.0,2443.0
2019-01-25,12130.0,12135.0,12040.0,12100.0,30.0,7515.0
2019-01-28,12065.0,12180.0,12065.0,12175.0,75.0,8065.0
2019-01-29,12175.0,12175.0,12020.0,12070.0,105.0,4801.0
2019-01-30,12090.0,12090.0,12010.0,12085.0,15.0,8566.0
2019-01-31,12080.0,12240.0,12080.0,12200.0,115.0,46927.0
2019-02-01,12300.0,12355.0,12275.0,12355.0,155.0,3922.0
2019-02-07,12370.0,12430.0,12370.0,12405.0,50.0,4179.0
2019-02-08,12400.0,12400.0,12245.0,12270.0,135.0,67607.0
2019-02-11,12190.0,12315.0,12190.0,12290.0,20.0,18554.0
2019-02-12,12290.0,12365.0,12290.0,12355.0,65.0,2834.0
2019-02-13,12365.0,12515.0,12365.0,12515.0,160.0,4073.0
2019-02-14,12545.0,12565.0,12505.0,12530.0,15.0,3550.0
2019-02-15,12550.0,12550.0,12460.0,12505.0,25.0,1713.0
2019-02-18,12580.0,12655.0,12580.0,12640.0,135.0,3274.0
2019-02-19,12655.0,12680.0,12645.0,12655.0,15.0,6711.0
2019-02-20,12655.0,12700.0,12655.0,12700.0,45.0,2435.0
2019-02-21,12700.0,12750.0,12665.0,12750.0,50.0,3632.0
2019-02-22,12755.0,12755.0,12690.0,12720.0,30.0,7834.0
2019-02-25,12660.0,12750.0,12660.0,12750.0,30.0,11077.0
2019-02-26,12755.0,12765.0,12670.0,12765.0,15.0,40033.0
2019-02-27,12720.0,12765.0,12650.0,12765.0,0.0,63723.0
2019-02-28,12710.0,12800.0,12665.0,12800.0,35.0,12948.0
2019-03-04,12740.0,12835.0,12685.0,12830.0,30.0,17800.0
2019-03-05,12765.0,12820.0,12725.0,12800.0,30.0,2669.0
2019-03-06,12745.0,12825.0,12735.0,12825.0,25.0,3138.0
2019-03-07,12765.0,12780.0,12705.0,12760.0,65.0,1593.0
2019-03-08,12570.0,12690.0,12570.0,12625.0,135.0,1903.0
2019-03-11,12625.0,12640.0,12550.0,12640.0,15.0,2243.0
2019-03-12,12700.0,12790.0,12690.0,12690.0,50.0,6933.0
2019-03-13,12735.0,12820.0,12735.0,12770.0,80.0,3820.0
2019-03-14,12825.0,12880.0,12810.0,12835.0,65.0,44747.0
2019-03-15,12960.0,12960.0,12835.0,12945.0,110.0,10267.0
2019-03-18,12945.0,13005.0,12910.0,12920.0,25.0,45680.0
2019-03-19,13000.0,13075.0,12930.0,13070.0,150.0,44028.0
2019-03-20,13070.0,13075.0,13035.0,13065.0,5.0,10467.0
2019-03-21,13035.0,13035.0,12850.0,12990.0,75.0,13094.0
2019-03-22,12980.0,13055.0,12980.0,13015.0,25.0,21083.0
2019-03-25,12820.0,12935.0,12805.0,12930.0,85.0,16592.0
2019-03-26,12720.0,12855.0,12720.0,12800.0,130.0,6202.0
2019-03-27,12870.0,13000.0,12870.0,13000.0,200.0,1512.0
2019-03-28,13000.0,13000.0,12830.0,12830.0,170.0,48667.0
2019-03-29,12815.0,12990.0,12810.0,12960.0,130.0,38010.0
2019-04-01,12980.0,13050.0,12930.0,12950.0,10.0,27623.0
2019-04-02,13110.0,13165.0,13075.0,13165.0,215.0,8870.0
2019-04-03,13165.0,13195.0,13090.0,13095.0,70.0,19169.0
2019-04-04,13195.0,13290.0,13170.0,13235.0,140.0,10993.0
2019-04-05,13235.0,13235.0,13175.0,13175.0,60.0,7340.0
2019-04-08,13290.0,13450.0,13240.0,13450.0,275.0,8257.0
2019-04-09,13450.0,13450.0,13330.0,13365.0,85.0,68148.0
2019-04-10,13295.0,13350.0,13245.0,13250.0,115.0,3374.0
2019-04-11,13265.0,13375.0,13245.0,13270.0,20.0,14599.0
2019-04-12,13385.0,13395.0,13260.0,13260.0,10.0,13043.0
2019-04-15,13305.0,13425.0,13305.0,13365.0,105.0,15499.0
2019-04-16,13470.0,13470.0,13325.0,13405.0,40.0,5081.0
2019-04-17,13405.0,13405.0,13325.0,13325.0,80.0,12399.0
2019-04-18,13325.0,13420.0,13310.0,13395.0,70.0,5633.0
2019-04-19,13395.0,13435.0,13330.0,13330.0,65.0,8717.0
2019-04-22,13330.0,13465.0,13330.0,13465.0,135.0,60882.0
2019-04-23,13465.0,13540.0,13410.0,13530.0,65.0,28967.0
2019-04-24,13600.0,13685.0,13550.0,13570.0,40.0,46202.0
2019-04-25,13710.0,13760.0,13620.0,13755.0,185.0,9472.0
2019-04-26,13775.0,13775.0,13680.0,13765.0,10.0,9649.0
2019-04-29,13770.0,13790.0,13740.0,13780.0,15.0,9570.0
2019-04-30,13815.0,13910.0,13780.0,13905.0,125.0,28987.0
2019-05-02,13905.0,13905.0,13655.0,13840.0,65.0,171367.0
2019-05-03,13825.0,13825.0,13690.0,13790.0,50.0,5090.0
2019-05-07,13790.0,13875.0,13730.0,13840.0,50.0,18590.0
2019-05-08,13705.0,13705.0,13515.0,13515.0,325.0,11617.0
2019-05-09,13555.0,13725.0,13520.0,13725.0,210.0,8394.0
2019-05-10,13650.0,13680.0,13530.0,13630.0,95.0,12394.0
2019-05-13,13695.0,13775.0,13640.0,13720.0,90.0,8174.0
2019-05-14,13620.0,13620.0,13460.0,13500.0,220.0,3571.0
2019-05-15,13625.0,13655.0,13515.0,13640.0,140.0,9859.0
2019-05-16,13645.0,13740.0,13610.0,13615.0,25.0,20493.0
2019-05-17,13735.0,13910.0,13735.0,13905.0,290.0,10353.0
2019-05-20,13905.0,13905.0,13705.0,13850.0,55.0,355321.0
2019-05-21,13850.0,13850.0,13700.0,13755.0,95.0,7981.0
2019-05-22,13770.0,13825.0,13690.0,13740.0,15.0,6400.0
2019-05-23,13740.0,13750.0,13580.0,13590.0,150.0,28605.0
2019-05-24,13575.0,13575.0,13440.0,13575.0,15.0,6500.0
2019-05-27,13575.0,13600.0,13550.0,13585.0,10.0,4679.0
2019-05-28,13590.0,13640.0,13560.0,13630.0,45.0,7533.0
2019-05-29,13580.0,13630.0,13435.0,13630.0,0.0,4374.0
2019-05-30,13560.0,13560.0,13385.0,13405.0,225.0,5927.0
2019-05-31,13460.0,13475.0,13305.0,13305.0,100.0,13255.0
2019-06-03,13305.0,13325.0,13150.0,13230.0,75.0,97242.0
2019-06-04,13235.0,13235.0,13065.0,13160.0,70.0,32973.0
2019-06-05,13300.0,13470.0,13300.0,13340.0,180.0,12539.0
2019-06-07,13455.0,13640.0,13455.0,13630.0,290.0,10962.0
2019-06-10,13635.0,13810.0,13635.0,13810.0,180.0,27238.0
2019-06-11,13810.0,13840.0,13745.0,13815.0,5.0,4704.0
2019-06-12,13815.0,13815.0,13730.0,13750.0,65.0,6190.0
2019-06-13,13750.0,13830.0,13735.0,13785.0,35.0,7127.0
2019-06-14,13785.0,13840.0,13780.0,13835.0,50.0,2627.0
2019-06-17,13835.0,13855.0,13765.0,13845.0,10.0,2753.0
2019-06-18,13845.0,13845.0,13780.0,13825.0,20.0,5724.0
2019-06-19,13850.0,13885.0,13825.0,13875.0,50.0,2295.0
2019-06-20,13875.0,13935.0,13825.0,13835.0,40.0,10776.0
2019-06-21,13835.0,13940.0,13805.0,13935.0,100.0,4936.0
2019-06-24,13935.0,13935.0,13720.0,13805.0,130.0,4893.0
2019-06-25,13805.0,13815.0,13735.0,13815.0,10.0,7607.0
2019-06-26,13755.0,13755.0,13655.0,13675.0,140.0,8401.0
2019-06-27,13650.0,13680.0,13590.0,13680.0,5.0,15322.0
2019-06-28,13670.0,13745.0,13670.0,13725.0,45.0,6735.0
2019-07-01,13760.0,14000.0,13710.0,13995.0,270.0,120896.0
2019-07-02,13995.0,13995.0,13890.0,13990.0,5.0,6097.0
2019-07-03,13990.0,14045.0,13970.0,14040.0,50.0,15154.0
2019-07-04,14085.0,14195.0,14070.0,14120.0,80.0,13268.0
2019-07-05,14185.0,14235.0,14115.0,14190.0,70.0,13505.0
2019-07-08,14190.0,14195.0,14125.0,14180.0,10.0,19511.0
2019-07-09,14180.0,14180.0,14070.0,14115.0,65.0,100598.0
2019-07-10,14235.0,14235.0,14050.0,14105.0,10.0,41881.0
2019-07-11,14130.0,14215.0,14090.0,14110.0,5.0,20692.0
2019-07-12,14200.0,14225.0,14140.0,14185.0,75.0,27224.0
2019-07-15,14250.0,14305.0,14190.0,14300.0,115.0,62105.0
2019-07-16,14265.0,14300.0,14245.0,14260.0,40.0,5855.0
2019-07-17,14260.0,14260.0,14160.0,14180.0,80.0,7745.0
2019-07-18,14170.0,14170.0,14040.0,14135.0,45.0,12998.0
2019-07-19,14140.0,14190.0,14110.0,14155.0,20.0,7054.0
2019-07-22,14160.0,14200.0,14050.0,14190.0,35.0,117719.0
2019-07-23,14200.0,14200.0,14100.0,14185.0,5.0,44916.0
2019-07-24,14205.0,14260.0,14135.0,14145.0,40.0,39551.0
2019-07-25,14220.0,14300.0,14220.0,14300.0,155.0,105915.0
2019-07-26,14295.0,14325.0,14225.0,14295.0,5.0,11283.0
2019-07-29,14310.0,14345.0,14265.0,14345.0,50.0,30222.0
2019-07-30,14355.0,14355.0,14280.0,14330.0,15.0,41732.0
2019-07-31,14265.0,14300.0,14260.0,14290.0,40.0,23882.0
2019-08-01,14280.0,14280.0,14070.0,14175.0,115.0,23410.0
2019-08-02,14235.0,14235.0,14055.0,14070.0,105.0,41077.0
2019-08-05,13990.0,14115.0,13965.0,14020.0,50.0,72795.0
2019-08-06,13870.0,13920.0,13600.0,13910.0,110.0,81272.0
2019-08-07,13930.0,13965.0,13815.0,13855.0,55.0,74626.0
2019-08-08,13875.0,14010.0,13875.0,13960.0,105.0,41722.0
2019-08-09,14075.0,14170.0,14060.0,14075.0,115.0,3666.0
2019-08-12,14100.0,14215.0,14100.0,14190.0,115.0,11955.0
2019-08-13,14135.0,14135.0,14040.0,14055.0,135.0,2132.0
2019-08-14,14070.0,14095.0,14020.0,14090.0,35.0,7107.0
2019-08-16,13870.0,13895.0,13795.0,13820.0,270.0,14939.0
2019-08-19,13905.0,14070.0,13905.0,14070.0,250.0,104127.0
2019-08-20,14100.0,14145.0,14045.0,14115.0,45.0,26225.0
2019-08-21,14065.0,14065.0,13920.0,13970.0,145.0,55610.0
2019-08-22,14060.0,14070.0,13985.0,14050.0,80.0,3490.0
2019-08-23,14145.0,14150.0,14100.0,14120.0,70.0,3115.0
2019-08-26,13970.0,13970.0,13740.0,13855.0,265.0,11102.0
2019-08-27,13855.0,13935.0,13855.0,13870.0,15.0,10072.0
2019-08-28,13870.0,14000.0,13870.0,13985.0,115.0,4835.0
2019-08-29,13985.0,13985.0,13865.0,13945.0,40.0,15086.0
2019-08-30,14120.0,14130.0,13990.0,14110.0,165.0,21535.0
2019-09-02,14105.0,14120.0,14055.0,14090.0,20.0,10027.0
2019-09-03,14130.0,14130.0,14025.0,14110.0,20.0,4173.0
2019-09-04,14110.0,14120.0,14000.0,14090.0,20.0,39807.0
2019-09-05,14115.0,14245.0,14115.0,14205.0,115.0,6678.0
2019-09-06,14090.0,14325.0,14090.0,14310.0,105.0,22311.0
2019-09-09,14300.0,14305.0,14210.0,14270.0,40.0,43837.0
2019-09-10,14265.0,14265.0,14140.0,14230.0,40.0,4218.0
2019-09-11,14175.0,14240.0,14165.0,14205.0,25.0,6671.0
2019-09-16,14345.0,14345.0,14210.0,14315.0,110.0,16992.0
2019-09-17,14355.0,14355.0,14265.0,14265.0,50.0,4888.0
2019-09-18,14360.0,14425.0,14320.0,14405.0,140.0,13579.0
2019-09-19,14430.0,14465.0,14375.0,14410.0,5.0,21410.0
2019-09-20,14475.0,14500.0,14365.0,14410.0,0.0,10471.0
2019-09-23,14410.0,14475.0,14400.0,14450.0,40.0,6503.0
2019-09-24,14450.0,14450.0,14370.0,14425.0,25.0,4213.0
2019-09-25,14375.0,14390.0,14285.0,14355.0,70.0,50471.0
2019-09-26,14355.0,14390.0,14320.0,14365.0,10.0,205492.0
2019-09-27,14365.0,14385.0,14265.0,14310.0,55.0,15753.0
2019-09-30,14310.0,14385.0,14220.0,14225.0,85.0,74790.0
2019-10-01,14310.0,14425.0,14295.0,14330.0,105.0,78109.0
2019-10-02,14290.0,14330.0,14230.0,14230.0,100.0,41397.0
2019-10-04,14130.0,14130.0,13970.0,13990.0,240.0,17241.0
2019-10-07,14170.0,14170.0,14045.0,14110.0,120.0,116053.0
2019-10-08,14145.0,14165.0,14110.0,14110.0,0.0,1794.0
2019-10-10,14075.0,14075.0,13935.0,14030.0,80.0,9651.0
2019-10-11,14030.0,14150.0,14010.0,14050.0,20.0,18649.0
2019-10-14,14190.0,14245.0,14170.0,14235.0,185.0,39328.0
2019-10-15,14210.0,14245.0,14175.0,14235.0,0.0,139020.0
2019-10-16,14240.0,14380.0,14240.0,14340.0,105.0,22108.0
2019-10-17,14345.0,14345.0,14250.0,14320.0,20.0,1991.0
2019-10-18,14300.0,14300.0,14205.0,14285.0,35.0,14619.0
2019-10-21,14255.0,14305.0,14185.0,14210.0,75.0,68716.0
2019-10-22,14210.0,14295.0,14185.0,14270.0,60.0,84291.0
2019-10-23,14250.0,14255.0,14175.0,14220.0,50.0,114612.0
2019-10-24,14295.0,14295.0,14205.0,14235.0,15.0,82692.0
2019-10-25,14380.0,14380.0,14280.0,14365.0,130.0,90406.0
2019-10-28,14380.0,14380.0,14295.0,14355.0,10.0,78083.0
2019-10-29,14400.0,14400.0,14240.0,14240.0,115.0,230327.0
2019-10-30,14270.0,14390.0,14270.0,14370.0,130.0,89488.0
2019-10-31,14375.0,14375.0,14240.0,14355.0,15.0,167607.0
2019-11-01,14355.0,14420.0,14320.0,14335.0,20.0,81686.0
2019-11-04,14410.0,14450.0,14380.0,14420.0,85.0,71709.0
2019-11-05,14510.0,14510.0,14400.0,14480.0,60.0,87175.0
2019-11-06,14485.0,14485.0,14065.0,14440.0,40.0,213739.0
2019-11-07,14515.0,14515.0,14430.0,14475.0,35.0,63884.0
2019-11-08,14475.0,14480.0,14380.0,14435.0,40.0,63683.0
2019-11-11,14480.0,14525.0,14445.0,14515.0,80.0,74914.0
2019-11-12,14535.0,14550.0,14495.0,14545.0,30.0,64998.0
2019-11-13,14555.0,14610.0,14545.0,14595.0,50.0,71106.0
2019-11-14,14615.0,14645.0,14575.0,14600.0,5.0,75124.0
2019-11-15,14635.0,14650.0,14545.0,14635.0,35.0,69495.0
2019-11-18,14670.0,14730.0,14635.0,14690.0,55.0,73424.0
2019-11-19,14690.0,14735.0,14655.0,14710.0,20.0,82024.0
2019-11-20,14735.0,14735.0,14650.0,14705.0,5.0,81864.0
2019-11-21,14700.0,14740.0,14590.0,14735.0,30.0,70297.0
2019-11-22,14735.0,14735.0,14660.0,14690.0,45.0,72840.0
2019-11-25,14705.0,14805.0,14705.0,14805.0,115.0,44607.0
2019-11-26,14810.0,14910.0,14785.0,14910.0,105.0,131064.0
2019-11-27,14905.0,14925.0,14820.0,14880.0,30.0,72449.0
2019-11-28,14910.0,14950.0,14865.0,14950.0,70.0,76579.0
2019-11-29,14950.0,14970.0,14900.0,14940.0,10.0,102167.0
2019-12-02,14940.0,14965.0,14900.0,14945.0,5.0,22239.0
2019-12-03,14920.0,14920.0,14805.0,14840.0,105.0,389789.0
2019-12-04,14820.0,14850.0,14795.0,14835.0,5.0,320179.0
2019-12-05,14855.0,14940.0,14830.0,14845.0,10.0,194190.0
2019-12-06,14845.0,14970.0,14845.0,14950.0,105.0,5763.0
2019-12-09,15015.0,15040.0,14985.0,15040.0,90.0,11299.0
2019-12-10,15040.0,15060.0,15010.0,15060.0,20.0,38928.0
2019-12-11,15060.0,15060.0,14980.0,15000.0,60.0,54470.0
2019-12-12,15025.0,15100.0,14980.0,14980.0,20.0,30082.0
2019-12-13,14980.0,15075.0,14980.0,15000.0,20.0,20401.0
2019-12-16,15015.0,15140.0,15015.0,15135.0,135.0,23983.0
2019-12-17,15070.0,15110.0,15040.0,15080.0,55.0,34090.0
2019-12-18,15090.0,15090.0,14970.0,15060.0,20.0,36763.0
2019-12-19,15040.0,15050.0,14915.0,15000.0,60.0,33030.0
2019-12-20,15005.0,15055.0,14980.0,14980.0,20.0,219573.0
2019-12-23,15080.0,15100.0,14985.0,15075.0,95.0,218769.0
2019-12-24,15075.0,15140.0,15070.0,15120.0,45.0,9092.0
2019-12-26,15145.0,15145.0,15090.0,15130.0,10.0,28250.0
2019-12-27,15135.0,15190.0,15095.0,15190.0,60.0,19653.0
2019-12-30,15185.0,15205.0,15150.0,15160.0,30.0,33709.0
2020-01-02,15160.0,15160.0,15050.0,15140.0,20.0,150901.0
2020-01-03,15175.0,15225.0,15150.0,15175.0,35.0,122250.0
2020-01-06,15175.0,15210.0,15125.0,15205.0,30.0,13662.0
2020-01-07,15195.0,15270.0,15170.0,15265.0,60.0,72877.0
2020-01-08,15265.0,15265.0,15110.0,15245.0,20.0,39535.0
2020-01-09,15215.0,15230.0,15135.0,15145.0,100.0,32408.0
2020-01-10,15160.0,15345.0,15160.0,15255.0,110.0,34349.0
2020-01-13,15245.0,15245.0,15155.0,15230.0,25.0,47981.0
2020-01-14,15230.0,15230.0,15160.0,15230.0,0.0,14375.0
2020-01-15,15265.0,15295.0,15215.0,15240.0,10.0,13198.0
2020-01-16,15275.0,15370.0,15265.0,15370.0,130.0,64519.0
2020-01-17,15370.0,15435.0,15365.0,15420.0,50.0,57212.0
2020-01-20,15420.0,15505.0,15350.0,15465.0,45.0,28152.0
2020-01-21,15495.0,15495.0,15385.0,15435.0,30.0,81612.0
2020-01-22,15435.0,15520.0,15430.0,15500.0,65.0,17001.0
2020-01-23,15490.0,15530.0,15475.0,15510.0,10.0,70854.0
2020-01-28,15335.0,15335.0,15215.0,15310.0,200.0,150391.0
2020-01-29,15310.0,15375.0,15255.0,15340.0,30.0,43846.0
2020-01-30,15340.0,15420.0,15340.0,15415.0,75.0,55348.0
2020-01-31,15380.0,15545.0,15380.0,15545.0,130.0,19420.0
2020-02-03,15545.0,15550.0,15400.0,15495.0,50.0,36998.0
2020-02-04,15425.0,15480.0,15360.0,15480.0,15.0,37204.0
2020-02-05,15570.0,15630.0,15490.0,15620.0,140.0,23279.0
2020-02-06,15655.0,15775.0,15635.0,15760.0,140.0,26271.0
2020-02-07,15810.0,15865.0,15770.0,15825.0,65.0,31676.0
2020-02-10,15740.0,15760.0,15640.0,15725.0,100.0,74159.0
2020-02-11,15785.0,15785.0,15720.0,15730.0,5.0,27490.0
2020-02-12,15780.0,15785.0,15695.0,15745.0,15.0,46185.0
2020-02-13,15865.0,15865.0,15745.0,15795.0,50.0,36322.0
2020-02-14,15830.0,15855.0,15765.0,15840.0,45.0,18973.0
2020-02-17,15860.0,15875.0,15815.0,15875.0,35.0,39879.0
2020-02-18,15875.0,15875.0,15750.0,15820.0,55.0,42008.0
2020-02-19,15820.0,15885.0,15790.0,15805.0,15.0,86638.0
2020-02-20,15920.0,16000.0,15900.0,15965.0,160.0,36146.0
2020-02-21,16000.0,16000.0,15905.0,15940.0,25.0,17818.0
2020-02-24,15700.0,15885.0,15700.0,15840.0,100.0,15490.0
2020-02-25,15710.0,15710.0,15550.0,15560.0,280.0,35797.0
2020-02-26,15025.0,15225.0,15025.0,15190.0,370.0,34854.0
2020-02-27,15105.0,15120.0,14795.0,15050.0,140.0,77526.0
2020-02-28,14370.0,14600.0,14140.0,14140.0,910.0,255236.0
2020-03-02,14150.0,14245.0,13880.0,14090.0,50.0,74103.0
2020-03-03,14545.0,14645.0,14460.0,14465.0,375.0,33937.0
2020-03-04,14255.0,14415.0,14090.0,14330.0,135.0,156051.0
2020-03-05,14645.0,14650.0,14480.0,14510.0,180.0,37662.0
2020-03-06,14385.0,14400.0,14100.0,14260.0,250.0,27289.0
2020-03-09,14050.0,14050.0,13320.0,13420.0,840.0,60772.0
2020-03-10,13200.0,13495.0,13135.0,13485.0,65.0,39729.0
2020-03-11,13520.0,13520.0,12995.0,13065.0,420.0,57783.0
2020-03-12,12970.0,12970.0,12255.0,12400.0,665.0,71527.0
2020-03-13,11215.0,12205.0,11215.0,11905.0,495.0,93248.0
2020-03-16,11680.0,12495.0,11680.0,11820.0,85.0,40793.0
2020-03-17,11355.0,11975.0,11355.0,11880.0,60.0,80224.0
2020-03-18,11990.0,11990.0,11410.0,11415.0,465.0,48621.0
2020-03-19,11510.0,11755.0,11010.0,11440.0,25.0,42627.0
2020-03-20,11480.0,11670.0,11380.0,11620.0,180.0,26638.0
2020-03-23,11455.0,11455.0,10905.0,10990.0,630.0,38476.0
2020-03-24,11055.0,11425.0,11055.0,11370.0,380.0,163565.0
2020-03-25,11800.0,12500.0,11660.0,11855.0,485.0,48235.0
2020-03-26,12130.0,12230.0,11965.0,12015.0,160.0,24632.0
2020-03-27,12625.0,12625.0,12175.0,12435.0,420.0,41149.0
2020-03-30,12025.0,12430.0,11905.0,12325.0,110.0,68730.0
2020-03-31,12540.0,12600.0,12345.0,12475.0,150.0,57512.0
2020-04-01,12465.0,12465.0,11980.0,12000.0,475.0,199659.0
2020-04-02,11945.0,12210.0,11945.0,12145.0,145.0,75555.0
2020-04-03,12185.0,12185.0,11920.0,11965.0,180.0,23649.0
2020-04-06,12150.0,12475.0,12100.0,12415.0,450.0,28858.0
2020-04-07,12755.0,12830.0,12550.0,12800.0,385.0,33125.0
2020-04-08,12800.0,12870.0,12545.0,12655.0,145.0,42592.0
2020-04-09,13080.0,13080.0,12875.0,12980.0,325.0,14846.0
2020-04-10,13195.0,13200.0,12995.0,13080.0,100.0,28287.0
2020-04-13,13075.0,13075.0,12930.0,13015.0,65.0,41608.0
2020-04-14,13015.0,13230.0,13000.0,13215.0,200.0,17463.0
2020-04-16,13200.0,13255.0,12990.0,13255.0,40.0,43933.0
2020-04-17,13330.0,13515.0,13330.0,13440.0,185.0,25750.0
2020-04-20,13390.0,13435.0,13320.0,13365.0,75.0,13480.0
2020-04-21,13300.0,13475.0,13185.0,13310.0,55.0,20056.0
2020-04-22,13010.0,13065.0,12855.0,13065.0,245.0,105296.0
2020-04-23,13065.0,13200.0,13065.0,13200.0,135.0,13197.0
2020-04-24,13255.0,13255.0,13140.0,13170.0,30.0,7593.0
2020-04-27,13150.0,13425.0,13150.0,13420.0,250.0,18326.0
2020-04-28,13590.0,13590.0,13435.0,13540.0,120.0,11961.0
2020-04-29,13540.0,13715.0,13430.0,13715.0,175.0,108425.0
2020-05-04,13350.0,13470.0,13320.0,13470.0,245.0,27955.0
2020-05-06,13520.0,13645.0,13510.0,13625.0,155.0,10534.0
2020-05-07,13505.0,13595.0,13500.0,13545.0,80.0,41983.0
2020-05-08,13565.0,13700.0,13455.0,13665.0,120.0,16437.0
2020-05-11,13670.0,13805.0,13670.0,13805.0,140.0,36836.0
2020-05-12,13805.0,13805.0,13710.0,13735.0,70.0,12119.0
2020-05-13,13555.0,13610.0,13510.0,13520.0,215.0,11960.0
2020-05-14,13470.0,13470.0,13275.0,13280.0,240.0,9986.0
2020-05-15,13330.0,13435.0,13305.0,13420.0,140.0,11156.0
2020-05-18,13505.0,13640.0,13500.0,13640.0,220.0,33946.0
2020-05-19,13905.0,13915.0,13755.0,13835.0,195.0,19774.0
2020-05-20,13800.0,14005.0,13790.0,14005.0,170.0,408799.0
2020-05-21,14080.0,14090.0,13865.0,13920.0,85.0,30763.0
2020-05-22,13920.0,13990.0,13760.0,13800.0,120.0,39083.0
2020-05-25,13905.0,14190.0,13905.0,14190.0,390.0,20325.0
2020-05-26,14190.0,14305.0,14190.0,14305.0,115.0,29922.0
2020-05-27,14305.0,14440.0,14270.0,14380.0,75.0,15433.0
2020-05-28,14405.0,14660.0,14405.0,14650.0,270.0,29705.0
2020-05-29,14555.0,14610.0,14475.0,14560.0,90.0,16088.0
2020-06-01,14510.0,14535.0,14430.0,14455.0,105.0,421924.0
2020-06-02,14455.0,14505.0,14385.0,14440.0,15.0,33680.0
2020-06-03,14570.0,14750.0,14570.0,14610.0,170.0,45842.0
2020-06-04,14760.0,14930.0,14755.0,14875.0,265.0,34403.0
2020-06-05,14845.0,14875.0,14805.0,14850.0,25.0,14843.0
2020-06-08,15160.0,15160.0,15000.0,15075.0,225.0,25319.0
2020-06-09,15185.0,15195.0,15010.0,15030.0,45.0,32608.0
2020-06-10,15035.0,15110.0,14995.0,15020.0,10.0,12349.0
2020-06-11,14735.0,14925.0,14650.0,14715.0,305.0,20321.0
2020-06-12,13615.0,14370.0,13615.0,13990.0,725.0,229146.0
2020-06-15,13990.0,14190.0,13800.0,13865.0,125.0,54645.0
2020-06-16,14395.0,14600.0,14365.0,14600.0,735.0,647461.0
2020-06-17,14680.0,14840.0,14680.0,14840.0,240.0,162700.0
2020-06-18,14810.0,14810.0,14550.0,14660.0,180.0,35957.0
2020-06-19,14720.0,14775.0,14650.0,14700.0,40.0,24820.0
2020-06-22,14700.0,14715.0,14605.0,14700.0,0.0,15292.0
2020-06-23,14700.0,14740.0,14510.0,14675.0,25.0,22507.0
2020-06-24,14690.0,14775.0,14665.0,14665.0,10.0,41562.0
2020-06-25,14220.0,14400.0,14220.0,14305.0,360.0,30868.0
2020-06-26,14325.0,14450.0,14290.0,14395.0,90.0,40591.0
2020-06-29,14315.0,14315.0,14120.0,14200.0,195.0,23787.0
2020-06-30,14300.0,14355.0,14175.0,14210.0,10.0,212805.0
2020-07-01,14340.0,14535.0,14340.0,14515.0,305.0,108972.0
2020-07-02,14520.0,14590.0,14495.0,14550.0,35.0,9730.0
2020-07-03,14570.0,14635.0,14560.0,14625.0,75.0,12544.0
2020-07-06,14625.0,14845.0,14610.0,14825.0,200.0,53132.0
2020-07-07,14850.0,14870.0,14710.0,14735.0,90.0,11798.0
2020-07-08,14650.0,14720.0,14550.0,14630.0,105.0,11380.0
2020-07-09,14685.0,14745.0,14630.0,14695.0,65.0,14277.0
2020-07-10,14715.0,14715.0,14600.0,14660.0,35.0,49120.0
2020-07-13,14740.0,14935.0,14740.0,14930.0,270.0,23452.0
2020-07-14,14855.0,14935.0,14765.0,14935.0,5.0,83628.0
2020-07-15,14935.0,15085.0,14930.0,15080.0,145.0,38057.0
2020-07-16,15085.0,15135.0,15040.0,15075.0,5.0,81962.0
2020-07-17,15045.0,15105.0,14980.0,15085.0,10.0,66658.0
2020-07-20,15085.0,15135.0,14960.0,14990.0,95.0,240347.0
2020-07-21,15145.0,15335.0,15130.0,15325.0,335.0,48017.0
2020-07-22,15320.0,15325.0,15230.0,15260.0,65.0,116441.0
2020-07-23,15315.0,15330.0,15250.0,15330.0,70.0,8640.0
2020-07-24,15320.0,15320.0,15160.0,15225.0,105.0,160350.0
2020-07-27,15195.0,15195.0,14880.0,15140.0,85.0,17115.0
2020-07-28,15275.0,15275.0,15155.0,15250.0,110.0,14271.0
2020-07-29,15195.0,15195.0,15060.0,15105.0,145.0,14110.0
2020-07-30,15180.0,15215.0,15130.0,15195.0,90.0,48297.0
2020-07-31,15220.0,15220.0,15095.0,15165.0,30.0,22224.0
2020-08-03,15120.0,15160.0,15000.0,15100.0,65.0,76013.0
2020-08-04,15245.0,15270.0,15115.0,15270.0,170.0,19254.0
2020-08-05,15395.0,15395.0,15305.0,15385.0,115.0,12238.0
2020-08-06,15395.0,15395.0,15300.0,15305.0,80.0,16697.0
2020-08-07,15295.0,15345.0,15235.0,15300.0,5.0,27202.0
2020-08-10,15355.0,15355.0,15260.0,15280.0,20.0,33583.0
2020-08-11,15295.0,15365.0,15275.0,15360.0,80.0,27108.0
2020-08-12,15345.0,15430.0,15330.0,15415.0,55.0,20670.0
2020-08-13,15495.0,15550.0,15490.0,15530.0,115.0,23092.0
2020-08-14,15535.0,15635.0,15535.0,15595.0,65.0,17615.0
2020-08-18,15685.0,15685.0,15575.0,15615.0,20.0,17682.0
2020-08-19,15705.0,15705.0,15620.0,15675.0,60.0,48543.0
2020-08-20,15590.0,15590.0,15380.0,15485.0,190.0,208364.0
2020-08-21,15510.0,15615.0,15495.0,15605.0,120.0,14152.0
2020-08-24,15615.0,15760.0,15615.0,15740.0,135.0,50446.0
2020-08-25,15840.0,15880.0,15720.0,15865.0,125.0,128239.0
2020-08-26,15900.0,15905.0,15730.0,15740.0,125.0,45858.0
2020-08-27,15745.0,15915.0,15745.0,15820.0,80.0,37421.0
2020-08-28,15835.0,16065.0,15835.0,15885.0,65.0,75179.0
2020-08-31,16000.0,16130.0,15920.0,16125.0,240.0,123409.0
2020-09-01,16070.0,16070.0,15965.0,16025.0,100.0,26327.0
2020-09-02,16095.0,16130.0,15975.0,16085.0,60.0,31665.0
2020-09-03,16155.0,16260.0,16110.0,16200.0,115.0,33357.0
2020-09-04,15590.0,15840.0,15590.0,15765.0,435.0,147927.0
2020-09-07,15745.0,15745.0,15530.0,15530.0,235.0,24579.0
2020-09-08,15680.0,15745.0,15660.0,15740.0,210.0,13082.0
2020-09-09,15475.0,15475.0,15325.0,15390.0,350.0,16644.0
2020-09-10,15490.0,15680.0,15460.0,15555.0,165.0,68747.0
2020-09-11,15495.0,15595.0,15425.0,15580.0,25.0,13549.0
2020-09-14,15640.0,15675.0,15515.0,15660.0,80.0,18380.0
2020-09-15,15670.0,15695.0,15600.0,15685.0,25.0,11997.0
2020-09-16,15685.0,15720.0,15660.0,15675.0,10.0,47758.0
2020-09-17,15670.0,15670.0,15270.0,15270.0,405.0,12888.0
2020-09-18,15400.0,15400.0,15240.0,15305.0,35.0,44871.0
2020-09-21,15305.0,15310.0,15025.0,15110.0,195.0,55563.0
2020-09-22,15040.0,15040.0,14925.0,14945.0,165.0,30430.0
2020-09-23,15025.0,15045.0,14950.0,15000.0,55.0,35807.0
2020-09-24,14825.0,14825.0,14725.0,14725.0,275.0,13419.0
2020-09-25,14800.0,14920.0,14750.0,14875.0,150.0,13362.0
2020-09-28,15145.0,15200.0,15000.0,15200.0,325.0,16513.0
2020-09-29,15245.0,15350.0,15225.0,15290.0,90.0,59124.0
2020-10-05,15350.0,15350.0,15250.0,15295.0,5.0,72816.0
2020-10-06,15355.0,15390.0,15280.0,15375.0,80.0,34821.0
2020-10-07,15235.0,15315.0,15200.0,15300.0,75.0,18304.0
2020-10-08,15400.0,15445.0,15275.0,15425.0,125.0,23541.0
2020-10-12,15495.0,15645.0,15495.0,15625.0,200.0,59114.0
2020-10-13,15675.0,15765.0,15675.0,15715.0,90.0,13824.0
2020-10-14,15680.0,15680.0,15555.0,15580.0,135.0,13616.0
2020-10-15,15555.0,15555.0,15380.0,15390.0,190.0,20774.0
2020-10-16,15445.0,15445.0,15360.0,15390.0,0.0,10097.0
2020-10-19,15390.0,15480.0,15330.0,15480.0,90.0,31488.0
2020-10-20,15315.0,15365.0,15240.0,15290.0,190.0,14335.0
2020-10-21,15315.0,15315.0,15210.0,15230.0,60.0,14896.0
2020-10-22,15100.0,15115.0,15025.0,15110.0,120.0,28281.0
2020-10-23,15200.0,15210.0,15120.0,15130.0,20.0,11997.0
2020-10-26,15125.0,15125.0,15010.0,15035.0,95.0,23386.0
2020-10-27,14955.0,14955.0,14880.0,14920.0,115.0,15018.0
2020-10-28,14745.0,14790.0,14655.0,14790.0,130.0,22919.0
2020-10-29,14515.0,14545.0,14450.0,14545.0,245.0,23750.0
2020-10-30,14410.0,14410.0,14130.0,14175.0,370.0,26421.0
2020-11-02,14290.0,14400.0,14100.0,14395.0,220.0,15058.0
2020-11-03,14615.0,14615.0,14480.0,14595.0,200.0,23182.0
2020-11-04,14970.0,15150.0,14780.0,14980.0,385.0,46806.0
2020-11-05,15075.0,15245.0,14980.0,15155.0,175.0,15464.0
2020-11-06,15260.0,15260.0,15155.0,15155.0,0.0,12215.0
2020-11-09,15400.0,15495.0,15200.0,15430.0,275.0,328370.0
2020-11-10,15455.0,15480.0,15275.0,15315.0,115.0,519892.0
2020-11-11,15480.0,15520.0,15375.0,15440.0,125.0,42731.0
2020-11-12,15475.0,15620.0,15475.0,15520.0,80.0,164056.0
2020-11-13,15550.0,15550.0,15415.0,15495.0,25.0,15279.0
2020-11-16,15760.0,15760.0,15550.0,15710.0,215.0,30281.0
2020-11-17,15710.0,15740.0,15620.0,15660.0,50.0,20219.0
2020-11-18,15740.0,15750.0,15565.0,15565.0,95.0,112979.0
2020-11-19,15615.0,15730.0,15580.0,15695.0,130.0,13417.0
2020-11-20,15700.0,15700.0,15580.0,15630.0,65.0,25254.0
2020-11-23,15630.0,15750.0,15630.0,15715.0,85.0,27171.0
2020-11-24,15715.0,15880.0,15715.0,15800.0,85.0,416290.0
2020-11-25,15955.0,16050.0,15900.0,15980.0,180.0,22459.0
2020-11-26,15980.0,15980.0,15880.0,15940.0,40.0,18333.0
2020-11-27,15940.0,15950.0,15760.0,15950.0,10.0,28383.0
2020-11-30,15945.0,16075.0,15810.0,15855.0,95.0,42708.0
2020-12-01,15965.0,16040.0,15885.0,15990.0,135.0,30059.0
2020-12-02,15990.0,16010.0,15875.0,15920.0,70.0,17238.0
2020-12-03,15925.0,16050.0,15885.0,15950.0,30.0,217759.0
2020-12-04,15950.0,15995.0,15755.0,15805.0,145.0,17785.0
2020-12-07,15810.0,15935.0,15795.0,15815.0,10.0,25667.0
2020-12-08,15760.0,15855.0,15755.0,15845.0,30.0,17344.0
2020-12-09,15790.0,15935.0,15790.0,15905.0,60.0,11816.0
2020-12-10,15930.0,15930.0,15760.0,15815.0,90.0,25756.0
2020-12-11,15850.0,15935.0,15820.0,15915.0,100.0,6024.0
2020-12-14,15935.0,15950.0,15890.0,15945.0,30.0,36033.0
2020-12-15,15995.0,15995.0,15835.0,15925.0,20.0,313088.0
2020-12-16,16090.0,16090.0,15925.0,16045.0,120.0,214609.0
2020-12-17,16045.0,16200.0,16045.0,16200.0,155.0,24418.0
2020-12-18,16165.0,16280.0,16165.0,16280.0,80.0,337316.0
2020-12-21,16280.0,16360.0,16170.0,16340.0,60.0,363893.0
2020-12-22,16325.0,16325.0,16070.0,16150.0,190.0,438125.0
2020-12-23,16190.0,16335.0,16135.0,16235.0,85.0,69528.0
2020-12-24,16235.0,16320.0,16235.0,16310.0,75.0,31732.0
2020-12-28,16240.0,16360.0,16240.0,16310.0,0.0,30529.0
2020-12-29,16240.0,16380.0,16240.0,16380.0,70.0,46582.0
2020-12-30,16380.0,16380.0,16160.0,16225.0,155.0,127016.0
2021-01-04,16235.0,16330.0,16110.0,16190.0,35.0,82850.0
2021-01-05,16145.0,16165.0,16060.0,16165.0,25.0,41901.0
2021-01-06,16170.0,16285.0,16080.0,16155.0,10.0,61658.0
2021-01-07,16210.0,16525.0,16210.0,16415.0,260.0,70198.0
2021-01-08,16555.0,16800.0,16555.0,16735.0,320.0,392268.0
2021-01-11,16620.0,16735.0,16570.0,16650.0,85.0,384275.0
2021-01-12,16715.0,16715.0,16575.0,16630.0,20.0,22514.0
2021-01-13,16635.0,16790.0,16600.0,16760.0,130.0,351087.0
2021-01-14,16760.0,16910.0,16755.0,16855.0,95.0,32065.0
2021-01-15,16790.0,16790.0,16585.0,16670.0,185.0,22744.0
2021-01-18,16495.0,16655.0,16495.0,16615.0,55.0,322746.0
2021-01-19,16690.0,16830.0,16620.0,16820.0,205.0,19012.0
2021-01-20,16895.0,16895.0,16750.0,16810.0,10.0,22018.0
2021-01-21,17035.0,17040.0,16855.0,17010.0,200.0,223167.0
2021-01-22,17010.0,17010.0,16875.0,16880.0,130.0,240030.0
2021-01-25,16880.0,17000.0,16830.0,16960.0,80.0,28280.0
2021-01-26,16960.0,16960.0,16745.0,16815.0,145.0,334235.0
2021-01-27,16965.0,16965.0,16785.0,16805.0,10.0,48370.0
2021-01-28,16495.0,16685.0,16450.0,16640.0,165.0,329880.0
2021-01-29,16665.0,16810.0,16485.0,16535.0,105.0,385251.0
2021-02-01,16480.0,16580.0,16270.0,16560.0,25.0,312065.0
2021-02-02,16835.0,16855.0,16655.0,16795.0,235.0,58062.0
2021-02-03,16885.0,16980.0,16875.0,16945.0,150.0,18656.0
2021-02-04,16940.0,16995.0,16885.0,16920.0,25.0,39887.0
2021-02-05,17020.0,17325.0,17015.0,17270.0,350.0,60789.0
2021-02-08,17270.0,17405.0,17210.0,17380.0,110.0,352770.0
2021-02-09,17420.0,17420.0,17270.0,17380.0,0.0,240385.0
2021-02-10,17380.0,17410.0,17245.0,17330.0,50.0,238474.0
2021-02-15,17385.0,17415.0,17325.0,17385.0,55.0,47448.0
2021-02-16,17390.0,17470.0,17380.0,17415.0,30.0,29763.0
2021-02-17,17440.0,17440.0,17305.0,17415.0,0.0,35590.0
2021-02-18,17415.0,17415.0,17190.0,17300.0,115.0,218638.0
2021-02-19,17180.0,17275.0,17170.0,17240.0,60.0,19885.0
2021-02-22,17170.0,17335.0,17125.0,17300.0,60.0,344093.0
2021-02-23,17310.0,17325.0,17140.0,17300.0,0.0,332920.0
2021-02-24,17300.0,17300.0,17080.0,17085.0,215.0,320771.0
2021-02-25,17430.0,17435.0,17215.0,17390.0,305.0,17942.0
2021-02-26,17320.0,17320.0,17095.0,17185.0,205.0,339697.0
2021-03-02,17195.0,17410.0,17195.0,17410.0,225.0,330549.0
2021-03-03,17450.0,17450.0,17275.0,17400.0,10.0,357916.0
2021-03-04,17260.0,17260.0,17050.0,17145.0,255.0,529459.0
2021-03-05,16970.0,17100.0,16935.0,17065.0,80.0,544490.0
2021-03-08,17135.0,17360.0,17135.0,17175.0,110.0,545395.0
2021-03-09,17360.0,17525.0,17350.0,17475.0,300.0,535184.0
2021-03-10,17550.0,17705.0,17525.0,17590.0,115.0,523559.0
2021-03-11,17600.0,17790.0,17600.0,17775.0,185.0,582416.0
2021-03-12,17775.0,17865.0,17740.0,17850.0,75.0,532184.0
2021-03-15,17850.0,18740.0,17780.0,17890.0,40.0,683976.0
2021-03-16,17890.0,18150.0,17820.0,17950.0,60.0,192554.0
2021-03-17,17950.0,17985.0,17875.0,17960.0,10.0,45105.0
2021-03-18,17955.0,17960.0,17860.0,17920.0,40.0,31674.0
2021-03-19,17855.0,17855.0,17750.0,17750.0,170.0,23246.0
2021-03-22,17760.0,17785.0,17710.0,17730.0,20.0,38911.0
2021-03-23,17755.0,17855.0,17720.0,17785.0,55.0,29998.0
2021-03-24,17785.0,17785.0,17580.0,17710.0,75.0,34378.0
2021-03-25,17700.0,17700.0,17510.0,17640.0,70.0,19555.0
2021-03-26,17715.0,17775.0,17655.0,17725.0,85.0,28477.0
2021-03-29,17845.0,17845.0,17755.0,17760.0,35.0,53553.0
2021-03-30,17850.0,17985.0,17790.0,17935.0,175.0,200464.0
2021-03-31,17945.0,17945.0,17720.0,17725.0,210.0,81312.0
2021-04-01,17885.0,17885.0,17755.0,17870.0,145.0,44476.0
2021-04-02,17935.0,18060.0,17905.0,18060.0,190.0,110919.0
2021-04-05,18060.0,18170.0,18035.0,18110.0,50.0,96626.0
2021-04-06,18110.0,18180.0,18035.0,18040.0,70.0,27237.0
2021-04-07,18040.0,18105.0,17940.0,17940.0,100.0,38286.0
2021-04-08,17970.0,18180.0,17970.0,18165.0,225.0,43793.0
2021-04-09,18165.0,18225.0,18110.0,18220.0,55.0,36448.0
2021-04-12,18225.0,18330.0,18225.0,18300.0,80.0,65408.0
2021-04-13,18300.0,18410.0,18265.0,18325.0,25.0,37146.0
2021-04-14,18295.0,18395.0,18295.0,18305.0,20.0,78503.0
2021-04-15,18305.0,18335.0,18165.0,18335.0,30.0,332410.0
2021-04-16,18340.0,18450.0,18335.0,18380.0,45.0,19617.0
2021-04-19,18380.0,18520.0,18375.0,18470.0,90.0,93497.0
2021-04-20,18470.0,18470.0,18330.0,18395.0,75.0,112891.0
2021-04-21,18280.0,18280.0,18065.0,18180.0,215.0,188809.0
2021-04-22,18225.0,18430.0,18225.0,18425.0,245.0,29159.0
2021-04-23,18395.0,18435.0,18260.0,18365.0,60.0,24034.0
2021-04-26,18495.0,18495.0,18375.0,18410.0,45.0,53929.0
2021-04-27,18520.0,18520.0,18310.0,18345.0,65.0,102281.0
2021-04-28,18385.0,18450.0,18280.0,18315.0,30.0,108456.0
2021-04-29,18310.0,18490.0,18310.0,18445.0,130.0,34023.0
2021-04-30,18445.0,18560.0,18375.0,18485.0,40.0,37374.0
2021-05-03,18485.0,18540.0,18395.0,18500.0,15.0,42995.0
2021-05-04,18500.0,18525.0,18460.0,18525.0,25.0,19724.0
2021-05-06,18525.0,18585.0,18510.0,18550.0,25.0,26554.0
2021-05-07,18575.0,18710.0,18560.0,18665.0,115.0,332827.0
2021-05-10,18665.0,18805.0,18660.0,18760.0,95.0,33660.0
2021-05-11,18715.0,18715.0,18500.0,18585.0,175.0,39225.0
2021-05-12,18570.0,18570.0,18350.0,18480.0,105.0,1086372.0
2021-05-13,18270.0,18480.0,18270.0,18270.0,210.0,19069.0
2021-05-14,18330.0,18595.0,18330.0,18525.0,255.0,214021.0
2021-05-17,18780.0,18850.0,18570.0,18850.0,325.0,30283.0
2021-05-18,18850.0,18870.0,18800.0,18860.0,10.0,20300.0
2021-05-20,18575.0,18665.0,18500.0,18655.0,205.0,51156.0
2021-05-21,18690.0,18805.0,18690.0,18785.0,130.0,40661.0
2021-05-24,18785.0,18870.0,18690.0,18865.0,80.0,31717.0
2021-05-25,18865.0,18885.0,18790.0,18860.0,5.0,42374.0
2021-05-26,18860.0,18880.0,18745.0,18775.0,85.0,16903.0
2021-05-27,18780.0,18780.0,18635.0,18690.0,85.0,77486.0
2021-05-28,18690.0,18820.0,18690.0,18760.0,70.0,34775.0
2021-05-31,18765.0,18830.0,18640.0,18700.0,60.0,88520.0
2021-06-01,18670.0,18680.0,18545.0,18610.0,90.0,60234.0
2021-06-02,18610.0,18730.0,18560.0,18675.0,65.0,26303.0
2021-06-03,18770.0,18770.0,18680.0,18760.0,85.0,27493.0
2021-06-04,18780.0,18780.0,18605.0,18605.0,155.0,93032.0
2021-06-07,18645.0,18820.0,18645.0,18675.0,70.0,120472.0
2021-06-08,18690.0,18895.0,18690.0,18870.0,195.0,146535.0
2021-06-09,18900.0,18950.0,18810.0,18880.0,10.0,20334.0
2021-06-10,18840.0,19035.0,18840.0,18910.0,30.0,169364.0
2021-06-11,18910.0,18970.0,18875.0,18895.0,15.0,37749.0
2021-06-14,18885.0,19055.0,18885.0,19030.0,135.0,32727.0
2021-06-15,19030.0,19115.0,18960.0,19100.0,70.0,32858.0
2021-06-16,19100.0,19100.0,19005.0,19035.0,65.0,29823.0
2021-06-17,18960.0,19125.0,18870.0,18940.0,95.0,96988.0
2021-06-18,18950.0,19125.0,18950.0,19085.0,145.0,26771.0
2021-06-21,18895.0,18910.0,18700.0,18810.0,275.0,33526.0
2021-06-22,18885.0,19085.0,18885.0,18950.0,140.0,30687.0
2021-06-23,18975.0,19200.0,18975.0,19195.0,245.0,39297.0
2021-06-24,19195.0,19245.0,19130.0,19165.0,30.0,50871.0
2021-06-25,19255.0,19275.0,19135.0,19165.0,0.0,28506.0
2021-06-28,19175.0,19280.0,19175.0,19280.0,115.0,29905.0
2021-06-29,19280.0,19280.0,19100.0,19110.0,170.0,77165.0
2021-06-30,19140.0,19275.0,19060.0,19110.0,0.0,219222.0
2021-07-01,19110.0,19240.0,19060.0,19200.0,90.0,155890.0
2021-07-02,19290.0,19340.0,19200.0,19310.0,110.0,50455.0
2021-07-05,19310.0,19385.0,19245.0,19385.0,75.0,68104.0
2021-07-06,19385.0,19385.0,19350.0,19385.0,0.0,21189.0
2021-07-07,19370.0,19420.0,19340.0,19420.0,35.0,30313.0
2021-07-08,19420.0,19565.0,19415.0,19560.0,140.0,77766.0
2021-07-09,19360.0,19530.0,19305.0,19500.0,60.0,39712.0
2021-07-12,19530.0,19690.0,19530.0,19685.0,185.0,86136.0
2021-07-13,19685.0,19795.0,19665.0,19670.0,15.0,123787.0
2021-07-14,19780.0,19790.0,19615.0,19725.0,55.0,17564.0
2021-07-15,19725.0,19725.0,19585.0,19620.0,105.0,51679.0
2021-07-16,19615.0,19615.0,19460.0,19500.0,120.0,49569.0
2021-07-19,19495.0,19495.0,19300.0,19450.0,50.0,29150.0
2021-07-20,19305.0,19335.0,19175.0,19310.0,140.0,64009.0
2021-07-21,19500.0,19500.0,19355.0,19415.0,105.0,16130.0
2021-07-22,19465.0,19690.0,19465.0,19655.0,240.0,59510.0
2021-07-23,19790.0,19790.0,19670.0,19785.0,130.0,33870.0
2021-07-26,19755.0,19935.0,19730.0,19895.0,110.0,55483.0
2021-07-27,19895.0,19905.0,19850.0,19875.0,20.0,21516.0
2021-07-28,19875.0,19920.0,19825.0,19870.0,5.0,30605.0
2021-07-29,19870.0,19870.0,19655.0,19800.0,70.0,27539.0
2021-07-30,19800.0,19805.0,19720.0,19800.0,0.0,21789.0
2021-08-02,19805.0,20045.0,19805.0,20020.0,220.0,254460.0
2021-08-03,20015.0,20015.0,19815.0,19955.0,65.0,256663.0
2021-08-04,19930.0,19975.0,19800.0,19905.0,50.0,67547.0
2021-08-05,19880.0,19950.0,19810.0,19895.0,10.0,21406.0
2021-08-06,19900.0,19935.0,19785.0,19920.0,25.0,326679.0
2021-08-09,19925.0,19925.0,19810.0,19875.0,45.0,333645.0
2021-08-10,19980.0,20000.0,19880.0,19995.0,120.0,229229.0
2021-08-11,19995.0,20110.0,19980.0,20095.0,100.0,66499.0
2021-08-12,20095.0,20255.0,20085.0,20255.0,160.0,41899.0
2021-08-13,20255.0,20500.0,20245.0,20425.0,170.0,121252.0
2021-08-17,20425.0,20640.0,20400.0,20615.0,190.0,82954.0
2021-08-18,20545.0,20545.0,20375.0,20415.0,200.0,47988.0
2021-08-19,20315.0,20325.0,20170.0,20220.0,195.0,31043.0
2021-08-20,20180.0,20310.0,20120.0,20240.0,20.0,58046.0
2021-08-23,20255.0,20495.0,20255.0,20420.0,180.0,30087.0
2021-08-24,20450.0,20575.0,20450.0,20525.0,105.0,31197.0
2021-08-25,20525.0,20525.0,20410.0,20520.0,5.0,15428.0
2021-08-26,20465.0,20560.0,20445.0,20560.0,40.0,20068.0
2021-08-27,20550.0,20550.0,20360.0,20490.0,70.0,28592.0
2021-08-30,20510.0,20615.0,20470.0,20610.0,120.0,50629.0
2021-08-31,20610.0,20685.0,20565.0,20640.0,30.0,32366.0
2021-09-01,20620.0,20640.0,20470.0,20470.0,170.0,80025.0
2021-09-02,20520.0,20590.0,20475.0,20590.0,120.0,47470.0
2021-09-03,20645.0,20695.0,20515.0,20630.0,40.0,39634.0
2021-09-06,20600.0,20640.0,20500.0,20630.0,0.0,45889.0
2021-09-07,20635.0,20695.0,20630.0,20685.0,55.0,25229.0
2021-09-08,20685.0,20695.0,20585.0,20695.0,10.0,21722.0
2021-09-09,20645.0,20655.0,20500.0,20605.0,90.0,54117.0
2021-09-10,20670.0,20700.0,20610.0,20700.0,95.0,30668.0
2021-09-13,20680.0,20680.0,20510.0,20670.0,30.0,33297.0
2021-09-14,20675.0,20675.0,20515.0,20595.0,75.0,34396.0
2021-09-15,20595.0,20595.0,20385.0,20440.0,155.0,41198.0
2021-09-16,20525.0,20585.0,20450.0,20580.0,140.0,69153.0
2021-09-17,20585.0,20640.0,20545.0,20640.0,60.0,38535.0
2021-09-23,20300.0,20510.0,20300.0,20405.0,235.0,85683.0
2021-09-24,20440.0,20520.0,20425.0,20520.0,115.0,29288.0
2021-09-27,20530.0,20610.0,20485.0,20595.0,75.0,58428.0
2021-09-28,20550.0,20590.0,20425.0,20555.0,40.0,67105.0
2021-09-29,20185.0,20285.0,20145.0,20225.0,330.0,42348.0
2021-09-30,20340.0,20340.0,20190.0,20335.0,110.0,1456945.0
2021-10-01,20150.0,20150.0,19840.0,19875.0,460.0,47907.0
2021-10-05,19885.0,20020.0,19775.0,19985.0,110.0,80725.0
2021-10-06,19995.0,20195.0,19990.0,20030.0,45.0,47696.0
2021-10-07,20155.0,20345.0,20155.0,20305.0,275.0,34509.0
2021-10-08,20360.0,20525.0,20350.0,20440.0,135.0,32233.0
2021-10-12,20400.0,20400.0,20215.0,20340.0,100.0,44062.0
2021-10-13,20395.0,20410.0,20205.0,20205.0,135.0,35102.0
2021-10-14,20265.0,20445.0,20265.0,20445.0,240.0,97819.0
2021-10-15,20520.0,20750.0,20510.0,20710.0,265.0,85147.0
2021-10-18,20740.0,20855.0,20625.0,20715.0,5.0,42887.0
2021-10-19,20715.0,20765.0,20695.0,20720.0,5.0,20460.0
2021-10-20,20725.0,20850.0,20635.0,20675.0,45.0,31918.0
2021-10-21,20855.0,20855.0,20675.0,20775.0,100.0,17629.0
2021-10-22,20775.0,20915.0,20760.0,20880.0,105.0,32059.0
2021-10-25,20870.0,20870.0,20725.0,20735.0,145.0,33881.0
2021-10-26,20810.0,20875.0,20665.0,20710.0,25.0,88828.0
2021-10-27,20715.0,20905.0,20710.0,20905.0,195.0,22715.0
2021-10-28,20890.0,20890.0,20755.0,20805.0,100.0,26559.0
2021-10-29,20885.0,20885.0,20745.0,20785.0,20.0,33694.0
2021-11-01,20925.0,21115.0,20850.0,21045.0,260.0,141915.0
2021-11-02,21045.0,21045.0,20955.0,21020.0,25.0,149041.0
2021-11-03,21045.0,21270.0,21030.0,21135.0,115.0,154376.0
2021-11-04,21140.0,21370.0,21140.0,21370.0,235.0,59944.0
2021-11-05,21370.0,21475.0,21370.0,21455.0,85.0,52828.0
2021-11-08,21440.0,21460.0,21350.0,21425.0,30.0,58317.0
2021-11-09,21425.0,21495.0,21305.0,21465.0,40.0,86335.0
2021-11-10,21425.0,21450.0,21345.0,21420.0,45.0,28134.0
2021-11-11,21375.0,21400.0,21275.0,21320.0,100.0,24070.0
2021-11-12,21325.0,21365.0,21180.0,21265.0,55.0,25942.0
2021-11-15,21475.0,21475.0,21335.0,21410.0,145.0,38011.0
2021-11-16,21490.0,21505.0,21260.0,21265.0,145.0,44383.0
2021-11-17,21480.0,21525.0,21380.0,21475.0,210.0,43809.0
2021-11-18,21425.0,21465.0,21345.0,21445.0,30.0,41021.0
2021-11-19,21470.0,21630.0,21445.0,21625.0,180.0,40196.0
2021-11-22,21570.0,21585.0,21415.0,21530.0,95.0,58587.0
2021-11-23,21440.0,21445.0,21305.0,21375.0,155.0,33568.0
2021-11-24,21405.0,21420.0,21300.0,21365.0,10.0,89261.0
2021-11-25,21375.0,21560.0,21375.0,21555.0,190.0,32670.0
2021-11-26,21455.0,21475.0,21210.0,21225.0,330.0,51649.0
2021-11-29,21065.0,21210.0,21060.0,21145.0,80.0,57021.0
2021-11-30,21250.0,21250.0,20820.0,20865.0,280.0,66029.0
2021-12-01,20715.0,20870.0,20710.0,20865.0,0.0,57522.0
2021-12-02,20470.0,20670.0,20470.0,20650.0,215.0,214094.0
2021-12-03,20630.0,20740.0,20530.0,20740.0,90.0,32247.0
2021-12-06,20675.0,20710.0,20480.0,20480.0,260.0,43976.0
2021-12-07,20785.0,20925.0,20675.0,20740.0,260.0,142162.0
2021-12-08,21110.0,21260.0,21085.0,21260.0,520.0,18869.0
2021-12-09,21165.0,21215.0,21075.0,21160.0,100.0,27108.0
2021-12-10,21145.0,21145.0,21030.0,21140.0,20.0,13262.0
2021-12-13,21335.0,21345.0,21175.0,21210.0,70.0,62156.0
2021-12-14,21140.0,21170.0,20990.0,21010.0,200.0,137025.0
2021-12-15,20990.0,21020.0,20930.0,20950.0,60.0,31242.0
2021-12-16,21210.0,21335.0,21190.0,21330.0,380.0,31599.0
